<?xml version="1.0" encoding="UTF-8"?>
<PLCs><PLC BrokerType="3" DTAOutOffset="0" DTAInOffset="1024" Directory="d:\dev\examples-analog-technology\pc worx\bin\ib-il-ai-2-sf\c\std_cnf\r\std_res"><DisplayInfo ID="14" DefaultLabel="# INTERBUS 0 . 0 " EquipmentID=""/><Device RemoteBus="0" LocalBus="1"><DisplayInfo ID="18" DefaultLabel="# 1 IB IL AI 2/SF 0 . 1 " EquipmentID=""/><Terminal><DisplayInfo ID="trm_1" DefaultLabel="1.1" EquipmentID=""/><PDI DataLength="16" Direction="Input" ReadOnly="true"><DisplayInfo ID="io_2" DefaultLabel="AI 1 Voltage" EquipmentID=""/><IBAddressInfo MPMAddressByteOffset="1024" MPMAddressBitOffset="0" BytePosition="0" BitPosition="0" PDIndex="0" IsDefaultPDI="false"/></PDI></Terminal><Terminal><DisplayInfo ID="trm_6" DefaultLabel="2.2" EquipmentID=""/><PDI DataLength="16" Direction="Input" ReadOnly="true"><DisplayInfo ID="io_39" DefaultLabel="AI 2 Current" EquipmentID=""/><IBAddressInfo MPMAddressByteOffset="1026" MPMAddressBitOffset="0" BytePosition="2" BitPosition="0" PDIndex="0" IsDefaultPDI="false"/></PDI></Terminal><Terminal><DisplayInfo ID="__" DefaultLabel="" EquipmentID=""/><PDI DataLength="16" Direction="Output" ReadOnly="true"><DisplayInfo ID="io_4" DefaultLabel="Control/control word 1" EquipmentID=""/><IBAddressInfo MPMAddressByteOffset="0" MPMAddressBitOffset="0" BytePosition="0" BitPosition="0" PDIndex="0" IsDefaultPDI="false"/></PDI><PDI DataLength="16" Direction="Output" ReadOnly="true"><DisplayInfo ID="io_5" DefaultLabel="Control/control word 2" EquipmentID=""/><IBAddressInfo MPMAddressByteOffset="2" MPMAddressBitOffset="0" BytePosition="2" BitPosition="0" PDIndex="0" IsDefaultPDI="false"/></PDI></Terminal></Device></PLC></PLCs>
