<?xml version="1.0" encoding="UTF-8"?>
<PLCs><PLC BrokerType="3" DTAOutOffset="0" DTAInOffset="1024" Directory="d:\dev\examples-analog-technology\pc worx\bin\ib-il-ai-4-u\c\std_cnf\r\std_res"><DisplayInfo ID="14" DefaultLabel="# INTERBUS 0 . 0 " EquipmentID=""/><Device RemoteBus="0" LocalBus="1"><DisplayInfo ID="23" DefaultLabel="# 1 IB IL AI 4/U-PAC 0 . 1 " EquipmentID=""/><Terminal><DisplayInfo ID="__" DefaultLabel="" EquipmentID=""/><PDI DataLength="64" Direction="Input" ReadOnly="true"><DisplayInfo ID="io_defIn" DefaultLabel="~AI 64" EquipmentID=""/><IBAddressInfo MPMAddressByteOffset="1024" MPMAddressBitOffset="0" BytePosition="0" BitPosition="0" PDIndex="0" IsDefaultPDI="false"/></PDI><PDI DataLength="64" Direction="Output" ReadOnly="true"><DisplayInfo ID="io_defOut" DefaultLabel="~AO 64" EquipmentID=""/><IBAddressInfo MPMAddressByteOffset="0" MPMAddressBitOffset="0" BytePosition="0" BitPosition="0" PDIndex="0" IsDefaultPDI="false"/></PDI></Terminal></Device></PLC></PLCs>
