﻿<?xml version="1.0" encoding="utf-8"?>
<ArrayOfString>
  <string>IR00000V.DBD</string>
  <string>ICI00001V.DBD</string>
  <string>ICI00002V.DBD</string>
  <string>ICI00003V.DBD</string>
  <string>ICI00004V.DBD</string>
  <string>ICI00005V.DBD</string>
  <string>ICI00006V.DBD</string>
  <string>ICI00007V.DBD</string>
  <string>ICI00008V.DBD</string>
  <string>ICI00009V.DBD</string>
  <string>ICI00010V.DBD</string>
  <string>ICI00011V.DBD</string>
  <string>ICI00012V.DBD</string>
  <string>ICI00013V.DBD</string>
  <string>ICI00014V.DBD</string>
  <string>ICI00015V.DBD</string>
  <string>ICI00016V.DBD</string>
  <string>ICI00017V.DBD</string>
  <string>ICI00018V.DBD</string>
  <string>ICI00019V.DBD</string>
  <string>ICI00020V.DBD</string>
  <string>ICI00021V.DBD</string>
  <string>ICI00022V.DBD</string>
  <string>ICI00023V.DBD</string>
  <string>ICI00024V.DBD</string>
  <string>ICI00025V.DBD</string>
  <string>ICI00026V.DBD</string>
  <string>ICI00027V.DBD</string>
  <string>ICI00028V.DBD</string>
  <string>ICI00029V.DBD</string>
  <string>ICI00030V.DBD</string>
  <string>ICI00031V.DBD</string>
  <string>ICI00032V.DBD</string>
  <string>ICI00033V.DBD</string>
  <string>ICI00034V.DBD</string>
  <string>ICI00037V.DBD</string>
  <string>ICI00038V.DBD</string>
  <string>ICI00039V.DBD</string>
  <string>ICI00040V.DBD</string>
  <string>ICI00041V.DBD</string>
  <string>ICI00042V.DBD</string>
  <string>ICI00043V.DBD</string>
  <string>ICI00036V.DBD</string>
  <string>ICI00035V.DBD</string>
  <string>IL_AI_8_V2_15.DLL</string>
  <string>IL_AI_8_V2_15.pdb</string>
  <string>ICI00036.DBD</string>
  <string>Main.DLL</string>
  <string>Main.pdb</string>
  <string>ICI00035.DBD</string>
  <string>__STD_TSK.DLL</string>
  <string>__STD_TSK.pdb</string>
</ArrayOfString>