<?xml version="1.0" encoding="UTF-8"?>
<PLCs><PLC BrokerType="3" DTAOutOffset="0" DTAInOffset="1024" Directory="d:\dev\examples-analog-technology\pc worx\bin\ib-il-ao-2-sf\c\std_cnf\r\std_res"><DisplayInfo ID="14" DefaultLabel="# INTERBUS 0 . 0 " EquipmentID=""/><Device RemoteBus="0" LocalBus="1"><DisplayInfo ID="16" DefaultLabel="# 1 IB IL AO 2/SF 0 . 1 " EquipmentID=""/><Terminal><DisplayInfo ID="trm_0" DefaultLabel="1.1.1" EquipmentID=""/><PDI DataLength="16" Direction="Output" ReadOnly="true"><DisplayInfo ID="io_0_2" DefaultLabel="Ch 1 U" EquipmentID=""/><IBAddressInfo MPMAddressByteOffset="0" MPMAddressBitOffset="0" BytePosition="0" BitPosition="0" PDIndex="0" IsDefaultPDI="false"/></PDI></Terminal><Terminal><DisplayInfo ID="trm_28" DefaultLabel="4.2.1" EquipmentID=""/><PDI DataLength="16" Direction="Output" ReadOnly="true"><DisplayInfo ID="io_0_7" DefaultLabel="Ch 2 I (4 - 20 mA)" EquipmentID=""/><IBAddressInfo MPMAddressByteOffset="2" MPMAddressBitOffset="0" BytePosition="2" BitPosition="0" PDIndex="0" IsDefaultPDI="false"/></PDI></Terminal></Device></PLC></PLCs>
